state,value,model,base_model,residual_kind,metric,direction,param__colsample_bytree,param__early_stopping_rounds,param__learning_rate,param__max_depth,param__min_child_weight,param__monotone_constraints,param__n_estimators,param__n_jobs,param__reg_alpha,param__subsample,param__tree_method,param__bootstrap,param__max_features,param__max_samples,param__min_samples_leaf,param__min_samples_split,param__kernel,param__C,param__gamma,param__epsilon,param__activation,param__dropout,param__loss,param__momentum,param__n_layers,param__optimizer,param__units_layer_1,param__units_layer_2,param__units_layer_3,param__units_layer_4,param__use_batchnorm,param__weight_decay,param__attn_dropout,param__batch_size,param__epochs,param__ff_dropout,param__input_dim,param__n_blocks,param__n_heads,param__patience,param__svr_C,param__svr_epsilon,param__svr_tol,param__lambda_sparse,param__mask_type,param__max_epochs,param__n_a,param__n_d,param__n_steps,param__num_workers,param__verbose,param__virtual_batch_size
COMPLETE,992.2231431243304,XGBoost,XGBoost,None,mae,minimize,0.7825931140512007,113.57666401118502,0.0726367257798818,8.244109579335586,2.9783546787694686,"(1,-1,0,0,1,0,0,0)",916.6199371111716,-0.9514749826614064,0.09377751920927334,0.9037676888270674,hist,,,,,,,,,,,,,,,,,,,,,,,,,,,,,,,,,,,,,,,,,
COMPLETE,1175.3225380436695,XGBoost,XGBoost,None,mae,minimize,0.6749449039585922,102.00111972507942,0.06714944808277461,10.371702488079594,5.088205090990211,"(1,-1,0,0,1,0,0,0)",891.1097382021228,-1.109162324379649,0.09201393595906356,0.9368374741442377,hist,,,,,,,,,,,,,,,,,,,,,,,,,,,,,,,,,,,,,,,,,
COMPLETE,967.5604027180195,XGBoost,XGBoost,None,mae,minimize,0.9170709096172989,87.12373179017962,0.06101164019168432,8.757194249893429,3.7627047565206095,"(1,-1,0,0,1,0,0,0)",1032.6601698897166,-0.9315296701830873,0.08796797210190133,0.8711121696107893,hist,,,,,,,,,,,,,,,,,,,,,,,,,,,,,,,,,,,,,,,,,
COMPLETE,1077.6657739872394,XGBoost,XGBoost,None,mae,minimize,0.8196324791696681,122.03614262710292,0.06495341006747954,10.212926080501212,4.019671545368047,"(1,-1,0,0,1,0,0,0)",1159.8873738195132,-0.9657492200392911,0.08331934595402316,0.8945978269560849,hist,,,,,,,,,,,,,,,,,,,,,,,,,,,,,,,,,,,,,,,,,
COMPLETE,1356.390196910333,XGBoost,XGBoost,None,mae,minimize,0.6973777811201203,119.58603398398272,0.07149357921886747,9.363602557625136,3.5176980393428368,"(1,-1,0,0,1,0,0,0)",1077.0848016270525,-1.0295439277561818,0.07768804947882785,0.899125384238571,hist,,,,,,,,,,,,,,,,,,,,,,,,,,,,,,,,,,,,,,,,,
COMPLETE,1075.703536051226,XGBoost,XGBoost,None,mae,minimize,0.7790547293201029,111.48891678923306,0.07788760468507479,9.412329138142418,3.5826424729864046,"(1,-1,0,0,1,0,0,0)",1081.2020904731667,-0.9955690823260279,0.0855998162489754,0.7774579818514294,hist,,,,,,,,,,,,,,,,,,,,,,,,,,,,,,,,,,,,,,,,,
COMPLETE,1180.6994188917045,XGBoost,XGBoost,None,mae,minimize,0.7615578454829911,122.1704124569945,0.0626847157453581,10.795294994512831,5.053491930771581,"(1,-1,0,0,1,0,0,0)",1085.8556878236911,-1.129642832327115,0.08708532578288299,0.8384623663342029,hist,,,,,,,,,,,,,,,,,,,,,,,,,,,,,,,,,,,,,,,,,
COMPLETE,1219.4063007899945,XGBoost,XGBoost,None,mae,minimize,0.8198602819603436,96.63327324410781,0.07078994500416991,7.9003147284529325,3.925937434744474,"(1,-1,0,0,1,0,0,0)",1138.0290370833632,-1.1459414038253126,0.0937415101980075,1.0062248497398003,hist,,,,,,,,,,,,,,,,,,,,,,,,,,,,,,,,,,,,,,,,,
COMPLETE,1054.005879095765,XGBoost,XGBoost,None,mae,minimize,0.9449859625504009,103.90298407940722,0.06456263958885122,8.585195827878982,3.701022932345772,"(1,-1,0,0,1,0,0,0)",1083.294260535304,-1.1252259483043998,0.09136276063952935,0.9151046739839925,hist,,,,,,,,,,,,,,,,,,,,,,,,,,,,,,,,,,,,,,,,,
COMPLETE,961.7564675942322,XGBoost,XGBoost,None,mae,minimize,0.8154069839382171,131.83227555230965,0.08017076733068991,8.014701631249345,3.824742238694845,"(1,-1,0,0,1,0,0,0)",1380.8730106967246,-1.0418100431078818,0.10504411712423824,1.0289213326239337,hist,,,,,,,,,,,,,,,,,,,,,,,,,,,,,,,,,,,,,,,,,
COMPLETE,988.4263319425589,XGBoost,XGBoost,None,mae,minimize,0.8660952752810809,114.09762076306616,0.08248172817093645,10.765938588966137,3.667290961994503,"(1,-1,0,0,1,0,0,0)",1384.476518371422,-1.0169030851467291,0.09698917842646193,0.6520966047203797,hist,,,,,,,,,,,,,,,,,,,,,,,,,,,,,,,,,,,,,,,,,
COMPLETE,1200.8309212383188,XGBoost,XGBoost,None,mae,minimize,0.6336565594105628,110.3880186633719,0.06636314970369751,9.4195115784139,4.071730379124565,"(1,-1,0,0,1,0,0,0)",1090.4548055820433,-1.124593249690115,0.08206297944045056,0.8693369442960327,hist,,,,,,,,,,,,,,,,,,,,,,,,,,,,,,,,,,,,,,,,,
COMPLETE,1015.4564234103453,XGBoost,XGBoost,None,mae,minimize,0.7332731804510036,133.64612430632369,0.06133321704130256,8.260116239419306,4.877704618141066,"(1,-1,0,0,1,0,0,0)",1016.935905384631,-0.9935551533820017,0.09487490683760258,0.7805422055836063,hist,,,,,,,,,,,,,,,,,,,,,,,,,,,,,,,,,,,,,,,,,
COMPLETE,1007.793039725644,XGBoost,XGBoost,None,mae,minimize,0.7578324267686469,123.67288296802546,0.07496457935946858,8.432778261134878,3.946595955905938,"(1,-1,0,0,1,0,0,0)",1110.2821750498224,-0.7615144517355746,0.09397843909601894,0.9547441104356197,hist,,,,,,,,,,,,,,,,,,,,,,,,,,,,,,,,,,,,,,,,,
COMPLETE,1008.1566279814675,XGBoost,XGBoost,None,mae,minimize,0.8601387448079423,112.1680096138676,0.08296663308179275,8.529243524273673,4.236357265400155,"(1,-1,0,0,1,0,0,0)",878.592788117041,-1.007520001066089,0.0986585316543689,0.8408490207659459,hist,,,,,,,,,,,,,,,,,,,,,,,,,,,,,,,,,,,,,,,,,
COMPLETE,1111.9594532859116,RandomForest,RandomForest,None,mae,minimize,,,,28.39250629658282,,,991.2458437899062,-1.1100807763780658,,,,False,0.8115057974337797,,3.891493340867849,11.065636469648656,,,,,,,,,,,,,,,,,,,,,,,,,,,,,,,,,,,,
COMPLETE,1072.659933018911,RandomForest,RandomForest,None,mae,minimize,,,,27.174895181176,,,929.7976179166361,-0.9737746271049865,,,,False,0.7628801868670417,,3.4292524349241194,17.196594806250566,,,,,,,,,,,,,,,,,,,,,,,,,,,,,,,,,,,,
COMPLETE,1136.4359168293179,RandomForest,RandomForest,None,mae,minimize,,,,24.236553650523508,,,978.3481017017493,-0.9561498859904832,,,,False,0.9256290767655447,,4.788922987618163,14.704708692084774,,,,,,,,,,,,,,,,,,,,,,,,,,,,,,,,,,,,
COMPLETE,1215.3048353162917,RandomForest,RandomForest,None,mae,minimize,,,,27.263427473634373,,,1113.290437692368,-1.0051316400385866,,,,False,0.860079376109399,,4.52613033838875,14.551105174639094,,,,,,,,,,,,,,,,,,,,,,,,,,,,,,,,,,,,
COMPLETE,1143.0095479818367,RandomForest,RandomForest,None,mae,minimize,,,,28.98777248822862,,,1245.9435916459674,-0.9957976146040597,,,,False,0.7878635244304499,,3.721300733339822,14.318237662072697,,,,,,,,,,,,,,,,,,,,,,,,,,,,,,,,,,,,
COMPLETE,963.2150406949783,RandomForest,RandomForest,None,mae,minimize,,,,29.595777401917076,,,1002.0349554703934,-1.0311932446827046,,,,False,0.6632054620748333,,3.3800334283832916,15.494417333794257,,,,,,,,,,,,,,,,,,,,,,,,,,,,,,,,,,,,
COMPLETE,907.3634675149027,RandomForest,RandomForest,None,mae,minimize,,,,26.847791171524943,,,975.0354486782403,-1.0320382760396347,,,,False,0.9022726686914668,,3.607234657028746,15.394615127579838,,,,,,,,,,,,,,,,,,,,,,,,,,,,,,,,,,,,
COMPLETE,992.4536105576841,RandomForest,RandomForest,None,mae,minimize,,,,22.877929832104797,,,1013.4028069744706,-1.0668329417278606,,,,False,0.7879115005621231,,4.134812710390328,16.240781782928167,,,,,,,,,,,,,,,,,,,,,,,,,,,,,,,,,,,,
COMPLETE,1123.03652204305,RandomForest,RandomForest,None,mae,minimize,,,,22.960092217203005,,,942.3454764064431,-1.162536292100142,,,,False,0.5859312331683516,,4.2086503857120805,15.58947795385044,,,,,,,,,,,,,,,,,,,,,,,,,,,,,,,,,,,,
COMPLETE,1261.4870573247324,RandomForest,RandomForest,None,mae,minimize,,,,29.31125544733252,,,962.4212753443331,-0.9440841323877344,,,,False,0.818094969435197,,2.734256627888797,17.880426816920632,,,,,,,,,,,,,,,,,,,,,,,,,,,,,,,,,,,,
COMPLETE,1189.9219220870102,RandomForest,RandomForest,None,mae,minimize,,,,31.28271629579303,,,942.793173974779,-0.8377407189054553,,,,False,0.9232863874374069,,4.0690638336822555,17.182326133815266,,,,,,,,,,,,,,,,,,,,,,,,,,,,,,,,,,,,
COMPLETE,1207.997302952361,RandomForest,RandomForest,None,mae,minimize,,,,26.838731675261975,,,1156.1191971213648,-1.0628170642301502,,,,False,0.6841346863052857,,3.980800772399371,16.987117023753296,,,,,,,,,,,,,,,,,,,,,,,,,,,,,,,,,,,,
COMPLETE,1063.681896288404,RandomForest,RandomForest,None,mae,minimize,,,,23.794336693212884,,,1227.5144490209443,-1.0035004305084532,,,,False,0.8093696427369009,,4.320856351609547,17.44839721308854,,,,,,,,,,,,,,,,,,,,,,,,,,,,,,,,,,,,
COMPLETE,988.971813440821,RandomForest,RandomForest,None,mae,minimize,,,,28.824895528253716,,,1209.6586497138849,-1.0383027161449319,,,,False,0.8066378535386605,,3.4869201774349636,16.997949486965233,,,,,,,,,,,,,,,,,,,,,,,,,,,,,,,,,,,,
COMPLETE,1242.407519082507,RandomForest,RandomForest,None,mae,minimize,,,,24.74025797586892,,,1187.7515974334115,-1.0170766144752976,,,,False,0.7417967862892026,,4.34180937138384,15.435595155160788,,,,,,,,,,,,,,,,,,,,,,,,,,,,,,,,,,,,
COMPLETE,1121.8708779815986,DecisionTree,DecisionTree,None,mae,minimize,,,,,,,,,,,,,,,,25.515047425853343,,,,,,,,,,,,,,,,,,,,,,,,,,,,,,,,,,,,
COMPLETE,1009.9945297931926,DecisionTree,DecisionTree,None,mae,minimize,,,,,,,,,,,,,,,,19.22035539485107,,,,,,,,,,,,,,,,,,,,,,,,,,,,,,,,,,,,
COMPLETE,1178.1938315461468,DecisionTree,DecisionTree,None,mae,minimize,,,,,,,,,,,,,,,,25.356361038116745,,,,,,,,,,,,,,,,,,,,,,,,,,,,,,,,,,,,
COMPLETE,998.2035178198171,DecisionTree,DecisionTree,None,mae,minimize,,,,,,,,,,,,,,,,25.916587403221605,,,,,,,,,,,,,,,,,,,,,,,,,,,,,,,,,,,,
COMPLETE,1239.0610669288292,DecisionTree,DecisionTree,None,mae,minimize,,,,,,,,,,,,,,,,22.30243775882117,,,,,,,,,,,,,,,,,,,,,,,,,,,,,,,,,,,,
COMPLETE,906.6470401848351,DecisionTree,DecisionTree,None,mae,minimize,,,,,,,,,,,,,,,,26.329490011669527,,,,,,,,,,,,,,,,,,,,,,,,,,,,,,,,,,,,
COMPLETE,1227.242187110769,DecisionTree,DecisionTree,None,mae,minimize,,,,,,,,,,,,,,,,22.238675249205116,,,,,,,,,,,,,,,,,,,,,,,,,,,,,,,,,,,,
COMPLETE,1177.4004200747202,DecisionTree,DecisionTree,None,mae,minimize,,,,,,,,,,,,,,,,24.795880157032688,,,,,,,,,,,,,,,,,,,,,,,,,,,,,,,,,,,,
COMPLETE,1089.0466317665646,DecisionTree,DecisionTree,None,mae,minimize,,,,,,,,,,,,,,,,25.393354620989122,,,,,,,,,,,,,,,,,,,,,,,,,,,,,,,,,,,,
COMPLETE,1049.7939901260763,DecisionTree,DecisionTree,None,mae,minimize,,,,,,,,,,,,,,,,21.356782038175478,,,,,,,,,,,,,,,,,,,,,,,,,,,,,,,,,,,,
COMPLETE,1140.5840062136217,DecisionTree,DecisionTree,None,mae,minimize,,,,,,,,,,,,,,,,24.64349907182467,,,,,,,,,,,,,,,,,,,,,,,,,,,,,,,,,,,,
COMPLETE,845.3134338790529,DecisionTree,DecisionTree,None,mae,minimize,,,,,,,,,,,,,,,,21.165235644019916,,,,,,,,,,,,,,,,,,,,,,,,,,,,,,,,,,,,
COMPLETE,1032.7798442783278,DecisionTree,DecisionTree,None,mae,minimize,,,,,,,,,,,,,,,,25.259815335999193,,,,,,,,,,,,,,,,,,,,,,,,,,,,,,,,,,,,
COMPLETE,947.7400681904469,DecisionTree,DecisionTree,None,mae,minimize,,,,,,,,,,,,,,,,23.232900048386437,,,,,,,,,,,,,,,,,,,,,,,,,,,,,,,,,,,,
COMPLETE,1293.7667808848757,DecisionTree,DecisionTree,None,mae,minimize,,,,,,,,,,,,,,,,24.160307923973065,,,,,,,,,,,,,,,,,,,,,,,,,,,,,,,,,,,,
COMPLETE,1012.9090399307702,SVR,SVR,None,mae,minimize,,,,,,,,,,,,,,,,,rbf,9.938993665065752,0.8847987262052072,0.13327696955729768,,,,,,,,,,,,,,,,,,,,,,,,,,,,,,,,
COMPLETE,1078.0100040694529,SVR,SVR,None,mae,minimize,,,,,,,,,,,,,,,,,rbf,10.152191699121946,0.9124896770738326,0.13805931809652344,,,,,,,,,,,,,,,,,,,,,,,,,,,,,,,,
COMPLETE,1105.74778675462,SVR,SVR,None,mae,minimize,,,,,,,,,,,,,,,,,rbf,11.177595800759711,0.7636064628895249,0.09022435740280295,,,,,,,,,,,,,,,,,,,,,,,,,,,,,,,,
COMPLETE,1144.7739315768933,SVR,SVR,None,mae,minimize,,,,,,,,,,,,,,,,,rbf,10.436081990788777,0.7555457110671574,0.1291533512264729,,,,,,,,,,,,,,,,,,,,,,,,,,,,,,,,
COMPLETE,1225.7951258081832,SVR,SVR,None,mae,minimize,,,,,,,,,,,,,,,,,rbf,10.453935729151471,0.924487203295261,0.13628744485422478,,,,,,,,,,,,,,,,,,,,,,,,,,,,,,,,
COMPLETE,1084.6333444134802,SVR,SVR,None,mae,minimize,,,,,,,,,,,,,,,,,rbf,10.707796177593465,0.8353357857667099,0.13854642880031462,,,,,,,,,,,,,,,,,,,,,,,,,,,,,,,,
COMPLETE,1076.9708242124043,SVR,SVR,None,mae,minimize,,,,,,,,,,,,,,,,,rbf,9.428023953518244,0.7626255408455058,0.13962379081664167,,,,,,,,,,,,,,,,,,,,,,,,,,,,,,,,
COMPLETE,1164.948591571388,SVR,SVR,None,mae,minimize,,,,,,,,,,,,,,,,,rbf,7.371364627067232,0.7466376797318747,0.1116126489881942,,,,,,,,,,,,,,,,,,,,,,,,,,,,,,,,
COMPLETE,1050.169583933872,SVR,SVR,None,mae,minimize,,,,,,,,,,,,,,,,,rbf,9.396707025021902,0.8176109253452922,0.13519068343294227,,,,,,,,,,,,,,,,,,,,,,,,,,,,,,,,
COMPLETE,1313.0378541037073,SVR,SVR,None,mae,minimize,,,,,,,,,,,,,,,,,rbf,10.37287228382805,0.857121521984612,0.11385113903352846,,,,,,,,,,,,,,,,,,,,,,,,,,,,,,,,
COMPLETE,1066.5206661178772,SVR,SVR,None,mae,minimize,,,,,,,,,,,,,,,,,rbf,8.916684138420973,0.8539012227324834,0.13341504745611707,,,,,,,,,,,,,,,,,,,,,,,,,,,,,,,,
COMPLETE,1065.844753852096,SVR,SVR,None,mae,minimize,,,,,,,,,,,,,,,,,rbf,10.956443934173457,0.7839807573185942,0.15042784554199498,,,,,,,,,,,,,,,,,,,,,,,,,,,,,,,,
COMPLETE,1232.0647892296274,SVR,SVR,None,mae,minimize,,,,,,,,,,,,,,,,,rbf,9.364347831129491,0.8953881947304345,0.13421867633838094,,,,,,,,,,,,,,,,,,,,,,,,,,,,,,,,
COMPLETE,1060.5950315760256,SVR,SVR,None,mae,minimize,,,,,,,,,,,,,,,,,rbf,10.394815579694852,0.6778117231140135,0.12558373790735786,,,,,,,,,,,,,,,,,,,,,,,,,,,,,,,,
COMPLETE,1141.778781331523,SVR,SVR,None,mae,minimize,,,,,,,,,,,,,,,,,rbf,9.705675466467524,0.8925398054738707,0.12743977762464057,,,,,,,,,,,,,,,,,,,,,,,,,,,,,,,,
COMPLETE,1012.1473586405592,NeuralNetwork,NeuralNetwork,None,mae,minimize,,,0.0008283359568131244,,,,,,,,,,,,,,,,,,gelu,0.32095657714483466,mean_squared_error,0.4456850200911285,3.0951482511369344,adamW,148.43801952023733,149.85165020200125,168.01848362429925,112.30596070035716,True,4.543663521014746e-05,,,,,,,,,,,,,,,,,,,,
COMPLETE,917.9133736800735,NeuralNetwork,NeuralNetwork,None,mae,minimize,,,0.0010912931246018008,,,,,,,,,,,,,,,,,,gelu,0.37767490732078524,mean_squared_error,0.4038402390543657,3.564955738090476,adamW,192.58433603585468,194.47336004221023,144.6641169094069,101.02084244631213,True,3.587322142092511e-05,,,,,,,,,,,,,,,,,,,,
COMPLETE,1323.8803956194447,NeuralNetwork,NeuralNetwork,None,mae,minimize,,,0.0008910912006069968,,,,,,,,,,,,,,,,,,gelu,0.29413715475190666,mean_squared_error,0.40695714193531535,3.7968602772978084,adamW,162.83081905716998,225.03132682465986,148.58291612892762,104.31651737962684,True,3.6076163495464344e-05,,,,,,,,,,,,,,,,,,,,
COMPLETE,1030.0268158023723,NeuralNetwork,NeuralNetwork,None,mae,minimize,,,0.0008994665895063008,,,,,,,,,,,,,,,,,,gelu,0.34818517863116505,mean_squared_error,0.35958984406182815,2.906513361971438,adamW,167.12153547096574,204.158839086183,170.96454067296594,115.64024491967173,True,3.45849967091235e-05,,,,,,,,,,,,,,,,,,,,
COMPLETE,1127.5740602905053,NeuralNetwork,NeuralNetwork,None,mae,minimize,,,0.0009360145585129765,,,,,,,,,,,,,,,,,,gelu,0.2871095091349918,mean_squared_error,0.3897615297298734,3.3554347932363946,adamW,170.06068409603031,186.05702492781498,181.2594705788318,92.86291897488627,True,4.0761316362515705e-05,,,,,,,,,,,,,,,,,,,,
COMPLETE,1295.773886193922,NeuralNetwork,NeuralNetwork,None,mae,minimize,,,0.0010604064917347225,,,,,,,,,,,,,,,,,,gelu,0.29571021573981826,mean_squared_error,0.39261908672429874,2.893027797867857,adamW,196.69918628607985,201.78273194582803,178.9276384412905,110.98305015989902,True,3.962421701905699e-05,,,,,,,,,,,,,,,,,,,,
COMPLETE,1105.1108746443592,NeuralNetwork,NeuralNetwork,None,mae,minimize,,,0.0009778171341180129,,,,,,,,,,,,,,,,,,gelu,0.30425361508534865,mean_squared_error,0.38559620195129457,3.235813559903614,adamW,180.53620495721995,176.99955163018066,199.60084516880187,99.86044001903028,True,3.3052952506860706e-05,,,,,,,,,,,,,,,,,,,,
COMPLETE,1214.2970354922109,NeuralNetwork,NeuralNetwork,None,mae,minimize,,,0.0007932320049386823,,,,,,,,,,,,,,,,,,gelu,0.3657165210211435,mean_squared_error,0.47634799666451894,3.0473258336715725,adamW,201.8739397462976,197.64778034681407,182.67455350685725,96.9575734289008,True,3.927024402869431e-05,,,,,,,,,,,,,,,,,,,,
COMPLETE,1032.8637567100532,NeuralNetwork,NeuralNetwork,None,mae,minimize,,,0.0009951957704546768,,,,,,,,,,,,,,,,,,gelu,0.3582025813593467,mean_squared_error,0.4613098378319783,2.697222485809408,adamW,191.77915260892638,209.6108111817773,208.6359678258412,106.97743476619392,True,3.362415751826057e-05,,,,,,,,,,,,,,,,,,,,
COMPLETE,1037.0488842545506,NeuralNetwork,NeuralNetwork,None,mae,minimize,,,0.0009249325549011676,,,,,,,,,,,,,,,,,,gelu,0.34959068441245567,mean_squared_error,0.40657963429787203,2.742255598135908,adamW,186.44912785603725,203.36318760630957,170.25965603873772,116.95001199361677,True,3.776552473527797e-05,,,,,,,,,,,,,,,,,,,,
COMPLETE,1275.825888758448,NeuralNetwork,NeuralNetwork,None,mae,minimize,,,0.0009060768055187711,,,,,,,,,,,,,,,,,,gelu,0.3291161871751428,mean_squared_error,0.38620419883896984,2.9630912031355123,adamW,197.86001008347878,193.0869612106857,191.08140743795775,114.03320229008607,True,3.2843391393436714e-05,,,,,,,,,,,,,,,,,,,,
COMPLETE,990.0502222442277,NeuralNetwork,NeuralNetwork,None,mae,minimize,,,0.0010040256182919283,,,,,,,,,,,,,,,,,,gelu,0.3556675065152728,mean_squared_error,0.442815281713061,3.2092088836428436,adamW,155.9227183008136,207.7808517383662,179.17629294518133,104.61896198996452,True,3.2314308677010936e-05,,,,,,,,,,,,,,,,,,,,
COMPLETE,1108.0658515456585,NeuralNetwork,NeuralNetwork,None,mae,minimize,,,0.0010797738737276332,,,,,,,,,,,,,,,,,,gelu,0.30915320529899193,mean_squared_error,0.42513650619901644,2.819985215846742,adamW,165.76855114613633,216.3696925209768,193.2690625940677,119.2340501468132,True,3.457471470360218e-05,,,,,,,,,,,,,,,,,,,,
COMPLETE,998.7051347977696,NeuralNetwork,NeuralNetwork,None,mae,minimize,,,0.0009095059120251426,,,,,,,,,,,,,,,,,,gelu,0.3207733046207701,mean_squared_error,0.40187763143183236,3.142326630188527,adamW,204.09367577182866,207.2224838870965,177.9927442038777,108.20523174116892,True,3.4912629093347884e-05,,,,,,,,,,,,,,,,,,,,
COMPLETE,1244.9921987213716,NeuralNetwork,NeuralNetwork,None,mae,minimize,,,0.0009161670744479736,,,,,,,,,,,,,,,,,,gelu,0.4222950258651278,mean_squared_error,0.48071665228153004,3.363240793283108,adamW,193.69956178101899,224.5994039738185,182.2446272997264,106.48845129749624,True,3.6018080636883394e-05,,,,,,,,,,,,,,,,,,,,
COMPLETE,1014.0375297765804,FTTransformer,FTTransformer,None,mae,minimize,,,0.0002817331387381883,,,,,,,,,,,,,,,,,,,,,,,,,,,,,,0.19867185874196105,266.7857090460618,44.76510327132844,0.14015155995519915,109.24988025044763,2.193986946387423,7.252903379063756,9.728888200700386,,,,,,,,,,,,
COMPLETE,993.394279913839,FTTransformer,FTTransformer,None,mae,minimize,,,0.0003114013468871872,,,,,,,,,,,,,,,,,,,,,,,,,,,,,,0.17927840407903262,317.2568917401247,46.17583357287786,0.13134392170721287,127.59069896176203,1.9722868788938006,7.445677079098277,10.673564133697909,,,,,,,,,,,,
COMPLETE,1067.6100119048879,FTTransformer,FTTransformer,None,mae,minimize,,,0.000293599588854033,,,,,,,,,,,,,,,,,,,,,,,,,,,,,,0.22741098456524367,248.76560891935267,58.44997829994873,0.14506575153116588,121.7328184150319,1.9081147777074108,7.792062206532717,11.045451835193452,,,,,,,,,,,,
COMPLETE,1152.415560190763,FTTransformer,FTTransformer,None,mae,minimize,,,0.0002833221311120219,,,,,,,,,,,,,,,,,,,,,,,,,,,,,,0.1519356674917346,223.01394949045792,49.32411867845106,0.14051359093565227,109.43301420147,1.803162261084823,8.730410692142856,10.099516248087369,,,,,,,,,,,,
COMPLETE,1268.0457265097903,FTTransformer,FTTransformer,None,mae,minimize,,,0.0002831936711775519,,,,,,,,,,,,,,,,,,,,,,,,,,,,,,0.16251278787732118,273.69528870426353,52.738381699317515,0.1446597031548597,121.25866832976422,1.963870856857339,8.133128821204915,8.997175984576383,,,,,,,,,,,,
COMPLETE,1203.1642818830994,FTTransformer,FTTransformer,None,mae,minimize,,,0.0002824213564300124,,,,,,,,,,,,,,,,,,,,,,,,,,,,,,0.1405687424705884,226.24608241484316,41.60950926032864,0.148028651796239,114.41482477844292,2.019262402817336,8.211397454615643,8.760384120648885,,,,,,,,,,,,
COMPLETE,1114.5952760582331,FTTransformer,FTTransformer,None,mae,minimize,,,0.0003193724594892189,,,,,,,,,,,,,,,,,,,,,,,,,,,,,,0.21273123591378487,296.0627901300424,54.26654350304499,0.13680671715021386,122.35494512229103,1.775209036660305,7.269073815675602,10.634655373572308,,,,,,,,,,,,
COMPLETE,1033.1492382267788,FTTransformer,FTTransformer,None,mae,minimize,,,0.0002849343824847969,,,,,,,,,,,,,,,,,,,,,,,,,,,,,,0.1676397190314625,289.00785768748676,50.31363882666879,0.13249596892076423,98.52707542206005,1.93131441876901,7.2759046104830105,8.78453457254135,,,,,,,,,,,,
COMPLETE,1274.7908554473008,FTTransformer,FTTransformer,None,mae,minimize,,,0.000231093060375815,,,,,,,,,,,,,,,,,,,,,,,,,,,,,,0.21311624520557157,253.31267902032883,43.36196933689591,0.110351917273415,106.94243013337106,1.9094414138533446,6.382869081295177,9.90573622318676,,,,,,,,,,,,
COMPLETE,1119.6412877998578,FTTransformer,FTTransformer,None,mae,minimize,,,0.00035836400104525797,,,,,,,,,,,,,,,,,,,,,,,,,,,,,,0.18329993015986254,311.5970935518008,48.96851904519725,0.1564373801120803,115.3180331815342,1.6488782269210476,7.134010786765794,9.713027045403607,,,,,,,,,,,,
COMPLETE,1260.3149288229931,FTTransformer,FTTransformer,None,mae,minimize,,,0.00027777622712250036,,,,,,,,,,,,,,,,,,,,,,,,,,,,,,0.1823246920269566,238.58730730619766,53.03349226672598,0.1454434415162774,103.408178520235,2.3389868638356437,8.999055109530113,11.516411501982555,,,,,,,,,,,,
COMPLETE,1194.0668315455016,FTTransformer,FTTransformer,None,mae,minimize,,,0.00024725635626816444,,,,,,,,,,,,,,,,,,,,,,,,,,,,,,0.17084568807115827,255.15605200219008,44.692713339129874,0.146375835202885,105.91295997700544,2.022734858713602,8.9001713745206,8.622919072480062,,,,,,,,,,,,
COMPLETE,1087.4965719328798,FTTransformer,FTTransformer,None,mae,minimize,,,0.00029354687551473216,,,,,,,,,,,,,,,,,,,,,,,,,,,,,,0.176431959617517,281.3720796672432,39.76460478683628,0.14849836859464077,104.10291778171513,2.1717207136992243,9.183117740182809,10.051323401516054,,,,,,,,,,,,
COMPLETE,1027.500228697935,FTTransformer,FTTransformer,None,mae,minimize,,,0.00032097008833400527,,,,,,,,,,,,,,,,,,,,,,,,,,,,,,0.1768621308689158,285.85195452004626,45.579026589304384,0.13774800942088913,112.08331144416483,2.006827895036435,7.652894343290294,9.495909013980066,,,,,,,,,,,,
COMPLETE,1047.7205441539134,FTTransformer,FTTransformer,None,mae,minimize,,,0.00029010095811426875,,,,,,,,,,,,,,,,,,,,,,,,,,,,,,0.1610230006967522,268.95482835231786,51.04979340186201,0.11380951176706462,107.45699794041886,1.882916720740171,7.904093359357254,9.893066199684622,,,,,,,,,,,,
COMPLETE,1089.4354667574555,BaggingSVR,BaggingSVR,None,mae,minimize,,,,,,,11.652996760267799,-0.8609124571487144,,,,,,0.4857317230223224,,,,,,,,,,,,,,,,,,,,,,,,,,,8.938458044694858,0.015519250602293791,0.0010796851380035397,,,,,,,,,
COMPLETE,1105.55968911761,BaggingSVR,BaggingSVR,None,mae,minimize,,,,,,,10.087366660838931,-1.08493103065035,,,,,,0.5670031951704348,,,,,,,,,,,,,,,,,,,,,,,,,,,9.167706808017682,0.01803378923707779,0.0011070520929627144,,,,,,,,,
COMPLETE,1007.6179445161966,BaggingSVR,BaggingSVR,None,mae,minimize,,,,,,,12.75724205755341,-0.946679193006325,,,,,,0.44486681365717984,,,,,,,,,,,,,,,,,,,,,,,,,,,10.998639152488575,0.019211790737251277,0.0010554783057791924,,,,,,,,,
COMPLETE,1099.660996365571,BaggingSVR,BaggingSVR,None,mae,minimize,,,,,,,11.535649771828105,-0.9594955071984681,,,,,,0.49182488085067294,,,,,,,,,,,,,,,,,,,,,,,,,,,8.493204730290259,0.016730647281619177,0.0012552019287191095,,,,,,,,,
COMPLETE,1096.8605465672058,BaggingSVR,BaggingSVR,None,mae,minimize,,,,,,,9.377392115364229,-1.1237075403650796,,,,,,0.46551029783899317,,,,,,,,,,,,,,,,,,,,,,,,,,,9.792721827144295,0.019947292419333452,0.0012008863245684565,,,,,,,,,
COMPLETE,1179.5255608021496,BaggingSVR,BaggingSVR,None,mae,minimize,,,,,,,11.132996186088642,-0.986651479059625,,,,,,0.5666016822390947,,,,,,,,,,,,,,,,,,,,,,,,,,,11.563886491895929,0.019491182811091676,0.001044939325164117,,,,,,,,,
COMPLETE,1204.3360977348964,BaggingSVR,BaggingSVR,None,mae,minimize,,,,,,,8.470013213142881,-0.875550328931313,,,,,,0.5595814709150122,,,,,,,,,,,,,,,,,,,,,,,,,,,9.189909950175121,0.01929164535744529,0.0012128574964471236,,,,,,,,,
COMPLETE,1151.9538556691368,BaggingSVR,BaggingSVR,None,mae,minimize,,,,,,,9.780983394924903,-0.8793954004750356,,,,,,0.5285483597394527,,,,,,,,,,,,,,,,,,,,,,,,,,,11.253141460804565,0.018177517423849793,0.001260048070806305,,,,,,,,,
COMPLETE,1030.1413820635748,BaggingSVR,BaggingSVR,None,mae,minimize,,,,,,,9.60204833302996,-1.0801009576752731,,,,,,0.4346358931937472,,,,,,,,,,,,,,,,,,,,,,,,,,,11.13200112960045,0.018965487043781072,0.0010698329106715633,,,,,,,,,
COMPLETE,1163.7138304363193,BaggingSVR,BaggingSVR,None,mae,minimize,,,,,,,8.77224094145519,-0.964959317672889,,,,,,0.5155881320114897,,,,,,,,,,,,,,,,,,,,,,,,,,,10.279444725153565,0.01998427512905116,0.0011146020880966365,,,,,,,,,
COMPLETE,1114.904197729299,BaggingSVR,BaggingSVR,None,mae,minimize,,,,,,,11.291812571195827,-0.8631209856714632,,,,,,0.48268537957755675,,,,,,,,,,,,,,,,,,,,,,,,,,,9.394548500624714,0.013976249205829568,0.0010744890891239646,,,,,,,,,
COMPLETE,1149.5672420215694,BaggingSVR,BaggingSVR,None,mae,minimize,,,,,,,10.723320501905851,-1.039070368294281,,,,,,0.44747004257872397,,,,,,,,,,,,,,,,,,,,,,,,,,,12.722532059210089,0.017843955715499234,0.0012050237734664924,,,,,,,,,
COMPLETE,1081.3157486977445,BaggingSVR,BaggingSVR,None,mae,minimize,,,,,,,10.968787277627273,-0.9577991465294233,,,,,,0.5032577105852603,,,,,,,,,,,,,,,,,,,,,,,,,,,9.797481830798258,0.020234451845510402,0.0011566773998925796,,,,,,,,,
COMPLETE,980.3021414154523,BaggingSVR,BaggingSVR,None,mae,minimize,,,,,,,10.018906713974578,-1.092742536930437,,,,,,0.46534290177555293,,,,,,,,,,,,,,,,,,,,,,,,,,,9.240602626751997,0.019541296745311222,0.0012339569577476319,,,,,,,,,
COMPLETE,1114.4312411424796,BaggingSVR,BaggingSVR,None,mae,minimize,,,,,,,10.44839568871181,-1.0849152478174562,,,,,,0.5124161530003976,,,,,,,,,,,,,,,,,,,,,,,,,,,8.760239488302785,0.01715839305595914,0.0010895865685245064,,,,,,,,,
COMPLETE,1098.6492832364956,TabNet,TabNet,None,mae,minimize,,,0.013151874704339232,,,,,,,,,,,,,,,,1.0471672895764463,,,,,,,,,,,,,,,299.6543176955051,,,,,,10.057042625187378,,,,5.4078454627556195e-05,entmax,49.58440283336309,26.64359430219941,32.81692400198221,3.005546066883775,0.0,0.0,69.60954434819844
COMPLETE,1019.1250337087333,TabNet,TabNet,None,mae,minimize,,,0.015243209482881027,,,,,,,,,,,,,,,,0.8945329629639689,,,,,,,,,,,,,,,236.04645757421602,,,,,,8.054011493204662,,,,5.6383307106384525e-05,entmax,47.13267731666188,21.855227527413636,39.8103246153091,3.028839569540838,0.0,0.0,54.69720146353705
COMPLETE,979.4416795118328,TabNet,TabNet,None,mae,minimize,,,0.015448394213080795,,,,,,,,,,,,,,,,1.106392193461538,,,,,,,,,,,,,,,253.84938019491304,,,,,,9.437936684532769,,,,5.368942695086903e-05,entmax,52.00401076213771,24.79184533038426,40.356463981219015,2.6830862349181475,0.0,0.0,79.00295478449875
COMPLETE,1155.7220743930507,TabNet,TabNet,None,mae,minimize,,,0.013538055606783133,,,,,,,,,,,,,,,,1.214134421922957,,,,,,,,,,,,,,,265.16285372173746,,,,,,11.036829329816072,,,,6.28692310063976e-05,entmax,64.51516871591207,27.81099391539599,34.53406413568544,2.7004550378278616,0.0,0.0,64.50683967206353
COMPLETE,1175.410275340128,TabNet,TabNet,None,mae,minimize,,,0.015331636879937986,,,,,,,,,,,,,,,,1.2471887062249631,,,,,,,,,,,,,,,278.7510263373332,,,,,,8.5447187756418,,,,5.5929517397161396e-05,entmax,48.180914191087865,21.770498792490994,36.09964291457673,2.95686850133183,0.0,0.0,59.54788991797588
COMPLETE,1014.2745966251573,TabNet,TabNet,None,mae,minimize,,,0.013436608564889669,,,,,,,,,,,,,,,,0.8370775367551263,,,,,,,,,,,,,,,255.2764187910457,,,,,,10.17218756633548,,,,5.658193801254064e-05,entmax,40.38992868092235,24.344282846761637,40.56868410323429,3.5835773007190515,0.0,0.0,47.498131012049775
COMPLETE,1107.6824203755814,TabNet,TabNet,None,mae,minimize,,,0.015756075126677992,,,,,,,,,,,,,,,,1.081200356351946,,,,,,,,,,,,,,,254.7595441176808,,,,,,11.337190469437651,,,,5.005346317909046e-05,entmax,45.116842794029694,25.69295299306263,41.55270390796904,3.4207106336302893,0.0,0.0,63.51865145575934
COMPLETE,1014.6868987630198,TabNet,TabNet,None,mae,minimize,,,0.01607278895426876,,,,,,,,,,,,,,,,1.044848566235768,,,,,,,,,,,,,,,266.12711673052723,,,,,,9.594517569700686,,,,5.445448504717322e-05,entmax,49.84634085706119,24.761357915724165,46.05457075547933,3.1688470697509357,0.0,0.0,77.57798929312756
COMPLETE,966.5306944583285,TabNet,TabNet,None,mae,minimize,,,0.01471632477815932,,,,,,,,,,,,,,,,1.2467689136570779,,,,,,,,,,,,,,,260.8679079751836,,,,,,11.427141811618897,,,,5.7962964554163014e-05,entmax,41.401851207979256,27.62746341768446,38.10716869097069,2.7141045038575498,0.0,0.0,61.666491757009574
COMPLETE,1124.800087280035,TabNet,TabNet,None,mae,minimize,,,0.013684106756650664,,,,,,,,,,,,,,,,1.04572314372914,,,,,,,,,,,,,,,259.03257303173484,,,,,,9.433032894979686,,,,5.4973981933250636e-05,entmax,45.055053893362945,25.326109051400486,38.4221882754747,2.9922949740870317,0.0,0.0,60.24137908483153
COMPLETE,1059.0141162624113,TabNet,TabNet,None,mae,minimize,,,0.01441443550582905,,,,,,,,,,,,,,,,1.2495671001766635,,,,,,,,,,,,,,,261.0543730543926,,,,,,11.668574673618622,,,,5.876178268348607e-05,entmax,46.83711727180398,19.730382101114948,37.30742078565806,2.670479246697762,0.0,0.0,54.7025358780899
COMPLETE,1080.400468234936,TabNet,TabNet,None,mae,minimize,,,0.013434528823998815,,,,,,,,,,,,,,,,1.2354310360102934,,,,,,,,,,,,,,,244.71503889696567,,,,,,9.95103818089925,,,,4.43144424391821e-05,entmax,53.804976919028704,20.23305934374917,42.29515288596873,2.800394422978344,0.0,0.0,67.83234865716665
COMPLETE,1101.905776413334,TabNet,TabNet,None,mae,minimize,,,0.013624376951566783,,,,,,,,,,,,,,,,1.039938853609285,,,,,,,,,,,,,,,224.3553479879101,,,,,,10.525650812688452,,,,4.5721379953906396e-05,entmax,39.30595807657388,29.611717445925215,39.894719200540266,3.159917850174529,0.0,0.0,69.99189209280807
COMPLETE,1091.7374292515258,TabNet,TabNet,None,mae,minimize,,,0.01498538408732133,,,,,,,,,,,,,,,,1.0304148988839998,,,,,,,,,,,,,,,281.99512051412216,,,,,,11.049984711915219,,,,5.664981944411235e-05,entmax,44.12424271416244,19.608439737150285,38.80407142943781,2.911403315198205,0.0,0.0,68.20617188100557
COMPLETE,1158.7244696534683,TabNet,TabNet,None,mae,minimize,,,0.01512227376604622,,,,,,,,,,,,,,,,1.1164518524557778,,,,,,,,,,,,,,,253.9540527815198,,,,,,11.45231220379605,,,,5.695247301666749e-05,entmax,52.962744842769396,24.10991516174508,38.01910184487409,3.0784425225953598,0.0,0.0,82.30213951960855
