model,outer_fold,feature,feature_index,grid_value,prediction_mean,prediction_std,n_samples
XGBoost+PseudoHuber,,model,5,8127.592255664954,11639.8486328125,4318.06103515625,200
XGBoost+PseudoHuber,,model,5,9294.135194357748,11916.1728515625,4280.69482421875,200
XGBoost+PseudoHuber,,model,5,10460.678133050542,14379.1123046875,5522.9560546875,200
XGBoost+PseudoHuber,,model,5,11627.221071743335,15118.71875,6252.20166015625,200
XGBoost+PseudoHuber,,model,5,12793.76401043613,15633.5146484375,5758.67822265625,200
XGBoost+PseudoHuber,,model,5,13960.306949128924,16449.974609375,5805.08203125,200
XGBoost+PseudoHuber,,model,5,15126.849887821718,15740.875,5683.3095703125,200
XGBoost+PseudoHuber,,model,5,16293.392826514511,16640.158203125,5725.04833984375,200
XGBoost+PseudoHuber,,model,5,17459.935765207305,19364.927734375,6377.25244140625,200
XGBoost+PseudoHuber,,model,5,18626.4787039001,17252.640625,6685.013671875,200
XGBoost+PseudoHuber,,model,5,19793.021642592892,20159.986328125,7835.11376953125,200
XGBoost+PseudoHuber,,model,5,20959.56458128569,19454.982421875,6927.421875,200
XGBoost+PseudoHuber,,model,5,22126.107519978483,19755.4296875,6561.24609375,200
XGBoost+PseudoHuber,,model,5,23292.650458671276,21477.89453125,7586.80517578125,200
XGBoost+PseudoHuber,,model,5,24459.19339736407,20191.248046875,8085.216796875,200
XGBoost+PseudoHuber,,model,5,25625.736336056863,19934.8046875,7805.54638671875,200
XGBoost+PseudoHuber,,model,5,26792.279274749657,25425.759765625,9851.7060546875,200
XGBoost+PseudoHuber,,model,5,27958.82221344245,23432.61328125,7772.4609375,200
XGBoost+PseudoHuber,,model,5,29125.365152135244,21049.919921875,7552.4658203125,200
XGBoost+PseudoHuber,,model,5,30291.908090828038,24546.8515625,8434.2412109375,200
XGBoost+PseudoHuber,,transmission,6,12112.895323294031,16670.927734375,8275.6572265625,200
XGBoost+PseudoHuber,,transmission,6,12753.307929811079,16670.927734375,8275.6572265625,200
XGBoost+PseudoHuber,,transmission,6,13393.720536328126,16670.927734375,8275.6572265625,200
XGBoost+PseudoHuber,,transmission,6,14034.133142845174,16670.927734375,8275.6572265625,200
XGBoost+PseudoHuber,,transmission,6,14674.54574936222,16670.927734375,8275.6572265625,200
XGBoost+PseudoHuber,,transmission,6,15314.95835587927,16670.927734375,8275.6572265625,200
XGBoost+PseudoHuber,,transmission,6,15955.370962396315,16670.927734375,8275.6572265625,200
XGBoost+PseudoHuber,,transmission,6,16595.783568913364,18485.466796875,8683.646484375,200
XGBoost+PseudoHuber,,transmission,6,17236.19617543041,18485.466796875,8683.646484375,200
XGBoost+PseudoHuber,,transmission,6,17876.608781947456,18485.466796875,8683.646484375,200
XGBoost+PseudoHuber,,transmission,6,18517.021388464505,18485.466796875,8683.646484375,200
XGBoost+PseudoHuber,,transmission,6,19157.43399498155,18485.466796875,8683.646484375,200
XGBoost+PseudoHuber,,transmission,6,19797.8466014986,18485.466796875,8683.646484375,200
XGBoost+PseudoHuber,,transmission,6,20438.259208015646,18485.466796875,8683.646484375,200
XGBoost+PseudoHuber,,transmission,6,21078.671814532696,18485.466796875,8683.646484375,200
XGBoost+PseudoHuber,,transmission,6,21719.08442104974,18177.73828125,8989.7578125,200
XGBoost+PseudoHuber,,transmission,6,22359.497027566787,18177.73828125,8989.7578125,200
XGBoost+PseudoHuber,,transmission,6,22999.909634083837,18177.73828125,8989.7578125,200
XGBoost+PseudoHuber,,transmission,6,23640.322240600886,18177.73828125,8989.7578125,200
XGBoost+PseudoHuber,,transmission,6,24280.734847117932,18247.1875,9014.2353515625,200
XGBoost+PseudoHuber,,fuelType,7,14775.415222188003,17541.201171875,9055.154296875,200
XGBoost+PseudoHuber,,fuelType,7,15015.597026136249,17541.201171875,9055.154296875,200
XGBoost+PseudoHuber,,fuelType,7,15255.778830084493,17541.201171875,9055.154296875,200
XGBoost+PseudoHuber,,fuelType,7,15495.96063403274,17541.201171875,9055.154296875,200
XGBoost+PseudoHuber,,fuelType,7,15736.142437980985,17541.201171875,9055.154296875,200
XGBoost+PseudoHuber,,fuelType,7,15976.32424192923,17541.201171875,9055.154296875,200
XGBoost+PseudoHuber,,fuelType,7,16216.506045877475,17541.201171875,9055.154296875,200
XGBoost+PseudoHuber,,fuelType,7,16456.68784982572,17541.201171875,9055.154296875,200
XGBoost+PseudoHuber,,fuelType,7,16696.869653773967,17541.201171875,9055.154296875,200
XGBoost+PseudoHuber,,fuelType,7,16937.051457722213,18000.564453125,9212.0947265625,200
XGBoost+PseudoHuber,,fuelType,7,17177.23326167046,18000.564453125,9212.0947265625,200
XGBoost+PseudoHuber,,fuelType,7,17417.4150656187,18000.564453125,9212.0947265625,200
XGBoost+PseudoHuber,,fuelType,7,17657.596869566947,18045.076171875,9211.3935546875,200
XGBoost+PseudoHuber,,fuelType,7,17897.778673515193,18045.076171875,9211.3935546875,200
XGBoost+PseudoHuber,,fuelType,7,18137.96047746344,18045.076171875,9211.3935546875,200
XGBoost+PseudoHuber,,fuelType,7,18378.142281411685,18045.076171875,9211.3935546875,200
XGBoost+PseudoHuber,,fuelType,7,18618.324085359927,18045.076171875,9211.3935546875,200
XGBoost+PseudoHuber,,fuelType,7,18858.505889308173,18045.076171875,9211.3935546875,200
XGBoost+PseudoHuber,,fuelType,7,19098.68769325642,18045.076171875,9211.3935546875,200
XGBoost+PseudoHuber,,fuelType,7,19338.869497204665,17687.20703125,9133.587890625,200
XGBoost+PseudoHuber,,mpg,3,-1.8711137557899489,19075.8828125,10701.458984375,200
XGBoost+PseudoHuber,,mpg,3,-1.7010545080567665,19513.00390625,10419.3642578125,200
XGBoost+PseudoHuber,,mpg,3,-1.530995260323584,19435.779296875,9704.0419921875,200
XGBoost+PseudoHuber,,mpg,3,-1.3609360125904015,18239.658203125,9180.53125,200
XGBoost+PseudoHuber,,mpg,3,-1.1908767648572192,18910.0390625,9029.62109375,200
XGBoost+PseudoHuber,,mpg,3,-1.0208175171240366,18400.580078125,8615.7265625,200
XGBoost+PseudoHuber,,mpg,3,-0.8507582693908542,18292.97265625,9328.4228515625,200
XGBoost+PseudoHuber,,mpg,3,-0.6806990216576716,18117.23046875,9313.884765625,200
XGBoost+PseudoHuber,,mpg,3,-0.5106397739244892,17526.3671875,9228.154296875,200
XGBoost+PseudoHuber,,mpg,3,-0.34058052619130685,17358.474609375,8820.8779296875,200
XGBoost+PseudoHuber,,mpg,3,-0.17052127845812426,17227.318359375,8329.31640625,200
XGBoost+PseudoHuber,,mpg,3,-0.00046203072494188646,17435.466796875,8719.5185546875,200
XGBoost+PseudoHuber,,mpg,3,0.1695972170082405,16465.23828125,8549.0546875,200
XGBoost+PseudoHuber,,mpg,3,0.3396564647414231,16930.873046875,8368.4189453125,200
XGBoost+PseudoHuber,,mpg,3,0.5097157124746057,17040.470703125,8081.06884765625,200
XGBoost+PseudoHuber,,mpg,3,0.6797749602077878,16856.67578125,8049.37939453125,200
XGBoost+PseudoHuber,,mpg,3,0.8498342079409704,16655.943359375,8221.4560546875,200
XGBoost+PseudoHuber,,mpg,3,1.019893455674153,16453.82421875,8029.603515625,200
XGBoost+PseudoHuber,,mpg,3,1.1899527034073352,17196.1953125,8267.1259765625,200
XGBoost+PseudoHuber,,mpg,3,1.3600119511405178,16283.525390625,8426.5576171875,200
XGBoost+PseudoHuber,,mileage,1,-1.705696760776219,21341.66796875,10205.470703125,200
XGBoost+PseudoHuber,,mileage,1,-1.536557573033899,21127.658203125,10121.486328125,200
XGBoost+PseudoHuber,,mileage,1,-1.3674183852915789,20913.470703125,10043.1875,200
XGBoost+PseudoHuber,,mileage,1,-1.1982791975492586,20469.48828125,9833.5361328125,200
XGBoost+PseudoHuber,,mileage,1,-1.0291400098069385,20112.318359375,9519.3984375,200
XGBoost+PseudoHuber,,mileage,1,-0.8600008220646185,19552.537109375,9122.4765625,200
XGBoost+PseudoHuber,,mileage,1,-0.6908616343222982,19053.248046875,8799.26953125,200
XGBoost+PseudoHuber,,mileage,1,-0.5217224465799781,18717.15234375,8615.1328125,200
XGBoost+PseudoHuber,,mileage,1,-0.35258325883765806,18128.376953125,8273.478515625,200
XGBoost+PseudoHuber,,mileage,1,-0.183444071095338,17413.400390625,7743.34814453125,200
XGBoost+PseudoHuber,,mileage,1,-0.014304883353017939,17191.814453125,7696.3291015625,200
XGBoost+PseudoHuber,,mileage,1,0.15483430438930235,16976.220703125,7620.0830078125,200
XGBoost+PseudoHuber,,mileage,1,0.32397349213162263,16721.615234375,7470.54541015625,200
XGBoost+PseudoHuber,,mileage,1,0.49311267987394247,16461.619140625,7386.25927734375,200
XGBoost+PseudoHuber,,mileage,1,0.6622518676162628,16112.2548828125,7318.8291015625,200
XGBoost+PseudoHuber,,mileage,1,0.8313910553585826,15775.150390625,7103.00439453125,200
XGBoost+PseudoHuber,,mileage,1,1.0005302431009029,15383.7099609375,7043.63037109375,200
XGBoost+PseudoHuber,,mileage,1,1.1696694308432232,15063.322265625,6993.40966796875,200
XGBoost+PseudoHuber,,mileage,1,1.338808618585543,14599.28125,6743.861328125,200
XGBoost+PseudoHuber,,mileage,1,1.5079478063278635,14191.83203125,6608.36181640625,200
XGBoost+PseudoHuber,,engineSize,4,-1.3605748787242282,15669.880859375,7556.0390625,200
XGBoost+PseudoHuber,,engineSize,4,-1.1801035877182056,15669.880859375,7556.0390625,200
XGBoost+PseudoHuber,,engineSize,4,-0.9996322967121827,15792.4326171875,7534.0009765625,200
XGBoost+PseudoHuber,,engineSize,4,-0.8191610057061599,15811.787109375,7524.89306640625,200
XGBoost+PseudoHuber,,engineSize,4,-0.6386897147001371,15811.787109375,7524.89306640625,200
XGBoost+PseudoHuber,,engineSize,4,-0.45821842369411436,16173.6337890625,7600.435546875,200
XGBoost+PseudoHuber,,engineSize,4,-0.2777471326880916,16329.052734375,7526.0556640625,200
XGBoost+PseudoHuber,,engineSize,4,-0.09727584168206871,16502.759765625,7515.4677734375,200
XGBoost+PseudoHuber,,engineSize,4,0.08319544932395395,16636.3828125,7544.5400390625,200
XGBoost+PseudoHuber,,engineSize,4,0.2636667403299766,17095.447265625,7625.43701171875,200
XGBoost+PseudoHuber,,engineSize,4,0.4441380313359995,18069.623046875,7559.74658203125,200
XGBoost+PseudoHuber,,engineSize,4,0.6246093223420224,18694.974609375,8091.42822265625,200
XGBoost+PseudoHuber,,engineSize,4,0.805080613348045,18917.4453125,8044.7353515625,200
XGBoost+PseudoHuber,,engineSize,4,0.9855519043540677,19589.9765625,8139.92724609375,200
XGBoost+PseudoHuber,,engineSize,4,1.1660231953600908,19785.927734375,8306.478515625,200
XGBoost+PseudoHuber,,engineSize,4,1.3464944863661135,20589.763671875,8231.0615234375,200
XGBoost+PseudoHuber,,engineSize,4,1.5269657773721361,21715.25,9209.9140625,200
XGBoost+PseudoHuber,,engineSize,4,1.7074370683781588,21715.25,9209.9140625,200
XGBoost+PseudoHuber,,engineSize,4,1.8879083593841814,22721.982421875,9899.84375,200
XGBoost+PseudoHuber,,engineSize,4,2.0683796503902045,22789.142578125,9933.6826171875,200
XGBoost+PseudoHuber,,tax,2,-1.9942462272496047,17615.84765625,9882.8056640625,200
XGBoost+PseudoHuber,,tax,2,-1.8566180427647574,17615.84765625,9882.8056640625,200
XGBoost+PseudoHuber,,tax,2,-1.7189898582799104,17941.498046875,9898.9951171875,200
XGBoost+PseudoHuber,,tax,2,-1.581361673795063,17537.142578125,9831.20703125,200
XGBoost+PseudoHuber,,tax,2,-1.4437334893102158,17537.142578125,9831.20703125,200
XGBoost+PseudoHuber,,tax,2,-1.3061053048253686,17496.482421875,9785.2685546875,200
XGBoost+PseudoHuber,,tax,2,-1.1684771203405213,17496.482421875,9785.2685546875,200
XGBoost+PseudoHuber,,tax,2,-1.0308489358556743,17496.482421875,9785.2685546875,200
XGBoost+PseudoHuber,,tax,2,-0.893220751370827,17496.482421875,9785.2685546875,200
XGBoost+PseudoHuber,,tax,2,-0.7555925668859798,17496.482421875,9785.2685546875,200
XGBoost+PseudoHuber,,tax,2,-0.6179643824011325,17496.482421875,9785.2685546875,200
XGBoost+PseudoHuber,,tax,2,-0.48033619791628546,17496.482421875,9785.2685546875,200
XGBoost+PseudoHuber,,tax,2,-0.3427080134314382,17496.482421875,9785.2685546875,200
XGBoost+PseudoHuber,,tax,2,-0.20507982894659094,17496.482421875,9785.2685546875,200
XGBoost+PseudoHuber,,tax,2,-0.0674516444617439,17500.337890625,9744.6240234375,200
XGBoost+PseudoHuber,,tax,2,0.07017654002310336,17634.240234375,9713.28125,200
XGBoost+PseudoHuber,,tax,2,0.20780472450795062,17625.51171875,9761.3212890625,200
XGBoost+PseudoHuber,,tax,2,0.3454329089927979,17820.525390625,9592.833984375,200
XGBoost+PseudoHuber,,tax,2,0.48306109347764514,17139.162109375,8994.462890625,200
XGBoost+PseudoHuber,,tax,2,0.6206892779624925,17560.83203125,8942.248046875,200
XGBoost+PseudoHuber,,year,0,-1.4752298611979668,13004.5791015625,6094.17529296875,200
XGBoost+PseudoHuber,,year,0,-1.3490474605957057,13004.5791015625,6094.17529296875,200
XGBoost+PseudoHuber,,year,0,-1.2228650599934443,13004.5791015625,6094.17529296875,200
XGBoost+PseudoHuber,,year,0,-1.096682659391183,13004.5791015625,6094.17529296875,200
XGBoost+PseudoHuber,,year,0,-0.9705002587889218,14194.3623046875,6669.673828125,200
XGBoost+PseudoHuber,,year,0,-0.8443178581866605,14194.3623046875,6669.673828125,200
XGBoost+PseudoHuber,,year,0,-0.7181354575843992,14194.3623046875,6669.673828125,200
XGBoost+PseudoHuber,,year,0,-0.591953056982138,14194.3623046875,6669.673828125,200
XGBoost+PseudoHuber,,year,0,-0.4657706563798767,15711.1025390625,7325.90087890625,200
XGBoost+PseudoHuber,,year,0,-0.33958825577761553,15711.1025390625,7325.90087890625,200
XGBoost+PseudoHuber,,year,0,-0.21340585517535415,15711.1025390625,7325.90087890625,200
XGBoost+PseudoHuber,,year,0,-0.08722345457309277,15711.1025390625,7325.90087890625,200
XGBoost+PseudoHuber,,year,0,0.038958946029168384,16784.20703125,7801.56591796875,200
XGBoost+PseudoHuber,,year,0,0.16514134663142954,16784.20703125,7801.56591796875,200
XGBoost+PseudoHuber,,year,0,0.2913237472336909,16784.20703125,7801.56591796875,200
XGBoost+PseudoHuber,,year,0,0.4175061478359523,16784.20703125,7801.56591796875,200
XGBoost+PseudoHuber,,year,0,0.5436885484382135,18036.775390625,8103.03076171875,200
XGBoost+PseudoHuber,,year,0,0.6698709490404746,18036.775390625,8103.03076171875,200
XGBoost+PseudoHuber,,year,0,0.7960533496427358,18036.775390625,8103.03076171875,200
XGBoost+PseudoHuber,,year,0,0.9222357502449973,20207.345703125,8893.5087890625,200
RandomForest+PseudoHuber,,model,5,8127.592255664954,9783.321028599648,2921.842405487662,200
RandomForest+PseudoHuber,,model,5,9294.135194357748,11736.399509696084,3343.422842102325,200
RandomForest+PseudoHuber,,model,5,10460.678133050542,12920.3184010715,4503.1888924075565,200
RandomForest+PseudoHuber,,model,5,11627.221071743335,13929.817156270503,4584.2050698810845,200
RandomForest+PseudoHuber,,model,5,12793.76401043613,14500.175107867177,4310.995632046983,200
RandomForest+PseudoHuber,,model,5,13960.306949128924,15067.251627613148,4497.397487802017,200
RandomForest+PseudoHuber,,model,5,15126.849887821718,16306.548892291119,4945.413051600896,200
RandomForest+PseudoHuber,,model,5,16293.392826514511,16375.183838706724,4824.221845176761,200
RandomForest+PseudoHuber,,model,5,17459.935765207305,18326.96933767774,4858.389853256612,200
RandomForest+PseudoHuber,,model,5,18626.4787039001,17803.229291752097,6773.636697598627,200
RandomForest+PseudoHuber,,model,5,19793.021642592892,19016.579086675923,7267.676964707089,200
RandomForest+PseudoHuber,,model,5,20959.56458128569,19838.322858493215,6258.6349962554195,200
RandomForest+PseudoHuber,,model,5,22126.107519978483,20228.944838301148,6353.559184229779,200
RandomForest+PseudoHuber,,model,5,23292.650458671276,21757.458538350835,7041.085913384599,200
RandomForest+PseudoHuber,,model,5,24459.19339736407,21686.92395636644,7415.080041479364,200
RandomForest+PseudoHuber,,model,5,25625.736336056863,21265.889921279784,6912.095439062869,200
RandomForest+PseudoHuber,,model,5,26792.279274749657,21664.963442806293,7172.986709741521,200
RandomForest+PseudoHuber,,model,5,27958.82221344245,22472.105784067215,6580.953373693253,200
RandomForest+PseudoHuber,,model,5,29125.365152135244,22814.339698754688,6364.883385178743,200
RandomForest+PseudoHuber,,model,5,30291.908090828038,24288.872501536665,7554.784228520115,200
RandomForest+PseudoHuber,,transmission,6,12112.895323294031,16066.008656412656,7986.669961782115,200
RandomForest+PseudoHuber,,transmission,6,12753.307929811079,16066.008656412656,7986.669961782115,200
RandomForest+PseudoHuber,,transmission,6,13393.720536328126,16066.008656412656,7986.669961782115,200
RandomForest+PseudoHuber,,transmission,6,14034.133142845174,16066.008656412656,7986.669961782115,200
RandomForest+PseudoHuber,,transmission,6,14674.54574936222,16301.158357906868,7919.79576016952,200
RandomForest+PseudoHuber,,transmission,6,15314.95835587927,16301.15835790687,7919.795760169521,200
RandomForest+PseudoHuber,,transmission,6,15955.370962396315,16301.158357906868,7919.795760169521,200
RandomForest+PseudoHuber,,transmission,6,16595.783568913364,16301.158357906868,7919.795760169521,200
RandomForest+PseudoHuber,,transmission,6,17236.19617543041,17142.539545546857,8147.8623364726545,200
RandomForest+PseudoHuber,,transmission,6,17876.608781947456,17142.539545546853,8147.8623364726545,200
RandomForest+PseudoHuber,,transmission,6,18517.021388464505,17144.488384044136,8146.88492134898,200
RandomForest+PseudoHuber,,transmission,6,19157.43399498155,17623.06103089524,8544.420170829559,200
RandomForest+PseudoHuber,,transmission,6,19797.8466014986,17623.06103089524,8544.420170829559,200
RandomForest+PseudoHuber,,transmission,6,20438.259208015646,17623.06103089524,8544.420170829559,200
RandomForest+PseudoHuber,,transmission,6,21078.671814532696,17623.06103089524,8544.420170829559,200
RandomForest+PseudoHuber,,transmission,6,21719.08442104974,17623.06103089524,8544.420170829559,200
RandomForest+PseudoHuber,,transmission,6,22359.497027566787,17623.06103089524,8544.420170829559,200
RandomForest+PseudoHuber,,transmission,6,22999.909634083837,17670.654860319573,8505.181059020959,200
RandomForest+PseudoHuber,,transmission,6,23640.322240600886,17670.654860319573,8505.181059020959,200
RandomForest+PseudoHuber,,transmission,6,24280.734847117932,17670.654860319573,8505.181059020959,200
RandomForest+PseudoHuber,,fuelType,7,14775.415222188003,17035.69191765832,8739.454201528904,200
RandomForest+PseudoHuber,,fuelType,7,15015.597026136249,17035.69191765832,8739.454201528904,200
RandomForest+PseudoHuber,,fuelType,7,15255.778830084493,17035.69191765832,8739.454201528904,200
RandomForest+PseudoHuber,,fuelType,7,15495.96063403274,17035.69191765832,8739.454201528904,200
RandomForest+PseudoHuber,,fuelType,7,15736.142437980985,17035.69191765832,8739.454201528904,200
RandomForest+PseudoHuber,,fuelType,7,15976.32424192923,17036.18735351126,8739.292906518172,200
RandomForest+PseudoHuber,,fuelType,7,16216.506045877475,17053.363001410762,8763.677968814429,200
RandomForest+PseudoHuber,,fuelType,7,16456.68784982572,17053.363001410762,8763.677968814429,200
RandomForest+PseudoHuber,,fuelType,7,16696.869653773967,17053.363001410766,8763.677968814429,200
RandomForest+PseudoHuber,,fuelType,7,16937.051457722213,17053.363001410762,8763.677968814429,200
RandomForest+PseudoHuber,,fuelType,7,17177.23326167046,17169.965472180083,8891.061613272333,200
RandomForest+PseudoHuber,,fuelType,7,17417.4150656187,17169.965472180083,8891.061613272333,200
RandomForest+PseudoHuber,,fuelType,7,17657.596869566947,17169.965472180083,8891.061613272333,200
RandomForest+PseudoHuber,,fuelType,7,17897.778673515193,17169.965472180083,8891.061613272333,200
RandomForest+PseudoHuber,,fuelType,7,18137.96047746344,17169.968543406503,8891.059245473973,200
RandomForest+PseudoHuber,,fuelType,7,18378.142281411685,17203.3038556801,8900.350138690026,200
RandomForest+PseudoHuber,,fuelType,7,18618.324085359927,17197.81148866749,8884.040510335532,200
RandomForest+PseudoHuber,,fuelType,7,18858.505889308173,17197.81148866749,8884.040510335532,200
RandomForest+PseudoHuber,,fuelType,7,19098.68769325642,17197.81148866749,8884.04051033553,200
RandomForest+PseudoHuber,,fuelType,7,19338.869497204665,17050.424430044528,8813.523757246912,200
RandomForest+PseudoHuber,,mpg,3,-1.8711137557899489,19038.4420831251,9214.360099655907,200
RandomForest+PseudoHuber,,mpg,3,-1.7010545080567665,18995.94923408246,9189.795942736893,200
RandomForest+PseudoHuber,,mpg,3,-1.530995260323584,19014.341210518967,9027.64269467365,200
RandomForest+PseudoHuber,,mpg,3,-1.3609360125904015,18460.564981524145,8842.818001767264,200
RandomForest+PseudoHuber,,mpg,3,-1.1908767648572192,18418.69175968363,8839.195562850611,200
RandomForest+PseudoHuber,,mpg,3,-1.0208175171240366,17732.386257673734,8689.702649272314,200
RandomForest+PseudoHuber,,mpg,3,-0.8507582693908542,17651.41654572264,8755.4688156501,200
RandomForest+PseudoHuber,,mpg,3,-0.6806990216576716,17355.084737185094,8648.14786002354,200
RandomForest+PseudoHuber,,mpg,3,-0.5106397739244892,17209.931003656417,8565.406378369315,200
RandomForest+PseudoHuber,,mpg,3,-0.34058052619130685,16897.008940846987,8238.09300176545,200
RandomForest+PseudoHuber,,mpg,3,-0.17052127845812426,16812.346419953203,8127.41029367113,200
RandomForest+PseudoHuber,,mpg,3,-0.00046203072494188646,16750.563015348373,8335.2193131225,200
RandomForest+PseudoHuber,,mpg,3,0.1695972170082405,16721.836405959053,8346.176031912968,200
RandomForest+PseudoHuber,,mpg,3,0.3396564647414231,16664.415574264433,8356.32544837984,200
RandomForest+PseudoHuber,,mpg,3,0.5097157124746057,16621.22507904853,8194.273244341384,200
RandomForest+PseudoHuber,,mpg,3,0.6797749602077878,16522.61592160864,8112.406958236834,200
RandomForest+PseudoHuber,,mpg,3,0.8498342079409704,16417.974786854695,8075.812592824927,200
RandomForest+PseudoHuber,,mpg,3,1.019893455674153,16270.52215787959,8064.89935000633,200
RandomForest+PseudoHuber,,mpg,3,1.1899527034073352,16321.83803869802,8292.375724309784,200
RandomForest+PseudoHuber,,mpg,3,1.3600119511405178,16177.619965007778,8126.2132849885475,200
RandomForest+PseudoHuber,,mileage,1,-1.705696760776219,18867.24500553816,8946.507206720084,200
RandomForest+PseudoHuber,,mileage,1,-1.536557573033899,18760.35943293207,8952.401926089573,200
RandomForest+PseudoHuber,,mileage,1,-1.3674183852915789,18682.898834903113,8824.740862646659,200
RandomForest+PseudoHuber,,mileage,1,-1.1982791975492586,18538.809545990367,8895.905410307583,200
RandomForest+PseudoHuber,,mileage,1,-1.0291400098069385,18329.801860536496,8655.180334399478,200
RandomForest+PseudoHuber,,mileage,1,-0.8600008220646185,18114.88065425702,8503.563310461337,200
RandomForest+PseudoHuber,,mileage,1,-0.6908616343222982,17874.405694603538,8330.366586436601,200
RandomForest+PseudoHuber,,mileage,1,-0.5217224465799781,17710.89285998432,8227.699094639229,200
RandomForest+PseudoHuber,,mileage,1,-0.35258325883765806,17442.361417965945,8170.087922736628,200
RandomForest+PseudoHuber,,mileage,1,-0.183444071095338,17059.44102996079,7931.95276508625,200
RandomForest+PseudoHuber,,mileage,1,-0.014304883353017939,16899.1180560426,7905.339556868455,200
RandomForest+PseudoHuber,,mileage,1,0.15483430438930235,16717.770594755282,7881.115775882286,200
RandomForest+PseudoHuber,,mileage,1,0.32397349213162263,16433.627439864347,7676.197249222522,200
RandomForest+PseudoHuber,,mileage,1,0.49311267987394247,16185.846505195792,7591.175111476621,200
RandomForest+PseudoHuber,,mileage,1,0.6622518676162628,15966.902380001076,7601.137095008045,200
RandomForest+PseudoHuber,,mileage,1,0.8313910553585826,15660.700394780893,7423.894907759194,200
RandomForest+PseudoHuber,,mileage,1,1.0005302431009029,15388.099638730371,7341.1763394635855,200
RandomForest+PseudoHuber,,mileage,1,1.1696694308432232,15171.501359485346,7340.53306507291,200
RandomForest+PseudoHuber,,mileage,1,1.338808618585543,14983.995217562913,7325.0157474425105,200
RandomForest+PseudoHuber,,mileage,1,1.5079478063278635,14813.824679374728,7315.674431943647,200
RandomForest+PseudoHuber,,engineSize,4,-1.3605748787242282,15766.197927987218,7394.787728799787,200
RandomForest+PseudoHuber,,engineSize,4,-1.1801035877182056,15718.421436873508,7422.770613521851,200
RandomForest+PseudoHuber,,engineSize,4,-0.9996322967121827,15708.063523422234,7444.694997899291,200
RandomForest+PseudoHuber,,engineSize,4,-0.8191610057061599,15741.725400913143,7451.78783719767,200
RandomForest+PseudoHuber,,engineSize,4,-0.6386897147001371,15979.02455597065,7607.260577160874,200
RandomForest+PseudoHuber,,engineSize,4,-0.45821842369411436,16269.2049923506,7651.230288951092,200
RandomForest+PseudoHuber,,engineSize,4,-0.2777471326880916,16199.161895706246,7515.10379682447,200
RandomForest+PseudoHuber,,engineSize,4,-0.09727584168206871,16196.87799919784,7508.206900368425,200
RandomForest+PseudoHuber,,engineSize,4,0.08319544932395395,16224.704184637063,7432.887874530014,200
RandomForest+PseudoHuber,,engineSize,4,0.2636667403299766,16670.450624310757,7347.457052013992,200
RandomForest+PseudoHuber,,engineSize,4,0.4441380313359995,17593.597903278755,7460.900377875357,200
RandomForest+PseudoHuber,,engineSize,4,0.6246093223420224,18180.489437554334,7867.059182934688,200
RandomForest+PseudoHuber,,engineSize,4,0.805080613348045,18444.892224237523,7799.975093049839,200
RandomForest+PseudoHuber,,engineSize,4,0.9855519043540677,18712.17571397222,7958.8105235484045,200
RandomForest+PseudoHuber,,engineSize,4,1.1660231953600908,18832.03609070213,7991.210149268731,200
RandomForest+PseudoHuber,,engineSize,4,1.3464944863661135,18919.43605187971,8073.436563148623,200
RandomForest+PseudoHuber,,engineSize,4,1.5269657773721361,19631.208724048538,9168.043829974551,200
RandomForest+PseudoHuber,,engineSize,4,1.7074370683781588,20467.548180049274,10017.796174268224,200
RandomForest+PseudoHuber,,engineSize,4,1.8879083593841814,20596.982521519425,10062.998876002477,200
RandomForest+PseudoHuber,,engineSize,4,2.0683796503902045,20574.771874496444,10014.547567378026,200
RandomForest+PseudoHuber,,tax,2,-1.9942462272496047,17077.05526654738,9257.652933647318,200
RandomForest+PseudoHuber,,tax,2,-1.8566180427647574,17079.744181257367,9257.650364354087,200
RandomForest+PseudoHuber,,tax,2,-1.7189898582799104,17101.78555213547,9242.83998300125,200
RandomForest+PseudoHuber,,tax,2,-1.581361673795063,17089.69465348724,9242.533231081685,200
RandomForest+PseudoHuber,,tax,2,-1.4437334893102158,17201.650562632967,9232.241103106317,200
RandomForest+PseudoHuber,,tax,2,-1.3061053048253686,17201.65056263297,9232.241103106317,200
RandomForest+PseudoHuber,,tax,2,-1.1684771203405213,17201.650562632967,9232.241103106317,200
RandomForest+PseudoHuber,,tax,2,-1.0308489358556743,17201.65056263297,9232.241103106317,200
RandomForest+PseudoHuber,,tax,2,-0.893220751370827,17201.542286412678,9232.067227089206,200
RandomForest+PseudoHuber,,tax,2,-0.7555925668859798,17204.28516720516,9231.55395479415,200
RandomForest+PseudoHuber,,tax,2,-0.6179643824011325,17236.62366297149,9230.884617281627,200
RandomForest+PseudoHuber,,tax,2,-0.48033619791628546,17238.914255807806,9229.582912029131,200
RandomForest+PseudoHuber,,tax,2,-0.3427080134314382,17238.914255807806,9229.582912029131,200
RandomForest+PseudoHuber,,tax,2,-0.20507982894659094,17238.914255807806,9229.582912029131,200
RandomForest+PseudoHuber,,tax,2,-0.0674516444617439,17238.924663416314,9229.586892125615,200
RandomForest+PseudoHuber,,tax,2,0.07017654002310336,17239.094820700022,9229.405390233975,200
RandomForest+PseudoHuber,,tax,2,0.20780472450795062,17385.041336638682,9279.493854884708,200
RandomForest+PseudoHuber,,tax,2,0.3454329089927979,17352.143909305105,9153.742412919068,200
RandomForest+PseudoHuber,,tax,2,0.48306109347764514,17145.115207184055,8941.31565894076,200
RandomForest+PseudoHuber,,tax,2,0.6206892779624925,17140.98494918752,8919.874942825652,200
RandomForest+PseudoHuber,,year,0,-1.4752298611979668,12685.455371181703,6485.437842888585,200
RandomForest+PseudoHuber,,year,0,-1.3490474605957057,12685.538772192484,6485.48635186841,200
RandomForest+PseudoHuber,,year,0,-1.2228650599934443,13854.112942566537,6833.276775767453,200
RandomForest+PseudoHuber,,year,0,-1.096682659391183,13854.112942566537,6833.276775767453,200
RandomForest+PseudoHuber,,year,0,-0.9705002587889218,13854.221978305837,6833.205437401058,200
RandomForest+PseudoHuber,,year,0,-0.8443178581866605,13854.221978305837,6833.205437401058,200
RandomForest+PseudoHuber,,year,0,-0.7181354575843992,15478.133844036884,7480.706268834534,200
RandomForest+PseudoHuber,,year,0,-0.591953056982138,15478.133844036884,7480.706268834535,200
RandomForest+PseudoHuber,,year,0,-0.4657706563798767,15478.748079695075,7480.464504805225,200
RandomForest+PseudoHuber,,year,0,-0.33958825577761553,15478.748079695075,7480.464504805226,200
RandomForest+PseudoHuber,,year,0,-0.21340585517535415,16270.91783407012,7688.149804386903,200
RandomForest+PseudoHuber,,year,0,-0.08722345457309277,16270.917834070118,7688.149804386903,200
RandomForest+PseudoHuber,,year,0,0.038958946029168384,16270.684564084719,7686.813050610477,200
RandomForest+PseudoHuber,,year,0,0.16514134663142954,16270.684564084719,7686.813050610477,200
RandomForest+PseudoHuber,,year,0,0.2913237472336909,17428.061255568442,7915.712115265777,200
RandomForest+PseudoHuber,,year,0,0.4175061478359523,17428.061255568442,7915.712115265778,200
RandomForest+PseudoHuber,,year,0,0.5436885484382135,17428.055975615614,7915.689722029821,200
RandomForest+PseudoHuber,,year,0,0.6698709490404746,17428.05597561561,7915.68972202982,200
RandomForest+PseudoHuber,,year,0,0.7960533496427358,19366.058090833343,8253.655265436822,200
RandomForest+PseudoHuber,,year,0,0.9222357502449973,19366.058090833343,8253.655265436822,200
DecisionTree+PseudoHuber,,model,5,8127.592255664954,8893.56416552644,2304.7286082356545,200
DecisionTree+PseudoHuber,,model,5,9294.135194357748,11097.17641259851,2611.987363231289,200
DecisionTree+PseudoHuber,,model,5,10460.678133050542,13413.843377652704,6425.472093353666,200
DecisionTree+PseudoHuber,,model,5,11627.221071743335,14367.109549172026,6258.590721338696,200
DecisionTree+PseudoHuber,,model,5,12793.76401043613,15102.90225323867,5885.235839342737,200
DecisionTree+PseudoHuber,,model,5,13960.306949128924,15218.15817486053,5081.713892386614,200
DecisionTree+PseudoHuber,,model,5,15126.849887821718,16597.391026975252,5862.356094773504,200
DecisionTree+PseudoHuber,,model,5,16293.392826514511,16268.012113967672,5291.188746593709,200
DecisionTree+PseudoHuber,,model,5,17459.935765207305,18554.51922599854,5126.429583195811,200
DecisionTree+PseudoHuber,,model,5,18626.4787039001,17813.71624884676,8127.844081521427,200
DecisionTree+PseudoHuber,,model,5,19793.021642592892,19051.38736008671,8250.120070116824,200
DecisionTree+PseudoHuber,,model,5,20959.56458128569,19725.58598130788,6495.948684073373,200
DecisionTree+PseudoHuber,,model,5,22126.107519978483,20108.50178144215,6464.479936355114,200
DecisionTree+PseudoHuber,,model,5,23292.650458671276,21674.177599119066,7401.6950604366175,200
DecisionTree+PseudoHuber,,model,5,24459.19339736407,21803.379390221682,8049.735321089856,200
DecisionTree+PseudoHuber,,model,5,25625.736336056863,21415.54408331894,7380.609517486157,200
DecisionTree+PseudoHuber,,model,5,26792.279274749657,21773.8458457599,7675.281780276829,200
DecisionTree+PseudoHuber,,model,5,27958.82221344245,21636.938309284422,7245.438192412945,200
DecisionTree+PseudoHuber,,model,5,29125.365152135244,21739.189992476226,6960.120440102913,200
DecisionTree+PseudoHuber,,model,5,30291.908090828038,23926.22889098173,8843.392596205915,200
DecisionTree+PseudoHuber,,transmission,6,12112.895323294031,16238.685503978775,8735.932639248103,200
DecisionTree+PseudoHuber,,transmission,6,12753.307929811079,16238.685503978775,8735.932639248103,200
DecisionTree+PseudoHuber,,transmission,6,13393.720536328126,16238.685503978775,8735.932639248103,200
DecisionTree+PseudoHuber,,transmission,6,14034.133142845174,16238.685503978775,8735.932639248103,200
DecisionTree+PseudoHuber,,transmission,6,14674.54574936222,16729.52829140204,8720.00653124071,200
DecisionTree+PseudoHuber,,transmission,6,15314.95835587927,16729.52829140204,8720.00653124071,200
DecisionTree+PseudoHuber,,transmission,6,15955.370962396315,16729.52829140204,8720.00653124071,200
DecisionTree+PseudoHuber,,transmission,6,16595.783568913364,16729.52829140204,8720.00653124071,200
DecisionTree+PseudoHuber,,transmission,6,17236.19617543041,17671.547094265617,8838.204091619209,200
DecisionTree+PseudoHuber,,transmission,6,17876.608781947456,17671.547094265617,8838.204091619209,200
DecisionTree+PseudoHuber,,transmission,6,18517.021388464505,17671.547094265617,8838.204091619209,200
DecisionTree+PseudoHuber,,transmission,6,19157.43399498155,17683.561855926804,8856.739849673699,200
DecisionTree+PseudoHuber,,transmission,6,19797.8466014986,17683.561855926804,8856.739849673699,200
DecisionTree+PseudoHuber,,transmission,6,20438.259208015646,17683.561855926804,8856.739849673699,200
DecisionTree+PseudoHuber,,transmission,6,21078.671814532696,17683.561855926804,8856.739849673699,200
DecisionTree+PseudoHuber,,transmission,6,21719.08442104974,17683.561855926804,8856.739849673699,200
DecisionTree+PseudoHuber,,transmission,6,22359.497027566787,17683.561855926804,8856.739849673699,200
DecisionTree+PseudoHuber,,transmission,6,22999.909634083837,17690.834184329902,8820.942607036595,200
DecisionTree+PseudoHuber,,transmission,6,23640.322240600886,17690.834184329902,8820.942607036595,200
DecisionTree+PseudoHuber,,transmission,6,24280.734847117932,17690.834184329902,8820.942607036595,200
DecisionTree+PseudoHuber,,fuelType,7,14775.415222188003,17113.12161620297,9082.889884048522,200
DecisionTree+PseudoHuber,,fuelType,7,15015.597026136249,17113.12161620297,9082.889884048522,200
DecisionTree+PseudoHuber,,fuelType,7,15255.778830084493,17113.12161620297,9082.889884048522,200
DecisionTree+PseudoHuber,,fuelType,7,15495.96063403274,17113.12161620297,9082.889884048522,200
DecisionTree+PseudoHuber,,fuelType,7,15736.142437980985,17113.12161620297,9082.889884048522,200
DecisionTree+PseudoHuber,,fuelType,7,15976.32424192923,17113.12161620297,9082.889884048522,200
DecisionTree+PseudoHuber,,fuelType,7,16216.506045877475,17160.863016604042,9085.673511187455,200
DecisionTree+PseudoHuber,,fuelType,7,16456.68784982572,17160.863016604042,9085.673511187455,200
DecisionTree+PseudoHuber,,fuelType,7,16696.869653773967,17160.863016604042,9085.673511187455,200
DecisionTree+PseudoHuber,,fuelType,7,16937.051457722213,17160.863016604042,9085.673511187455,200
DecisionTree+PseudoHuber,,fuelType,7,17177.23326167046,17291.23283415393,9174.265674473856,200
DecisionTree+PseudoHuber,,fuelType,7,17417.4150656187,17291.23283415393,9174.265674473856,200
DecisionTree+PseudoHuber,,fuelType,7,17657.596869566947,17291.23283415393,9174.265674473856,200
DecisionTree+PseudoHuber,,fuelType,7,17897.778673515193,17291.23283415393,9174.265674473856,200
DecisionTree+PseudoHuber,,fuelType,7,18137.96047746344,17291.23283415393,9174.265674473856,200
DecisionTree+PseudoHuber,,fuelType,7,18378.142281411685,17315.99408415393,9167.723847648105,200
DecisionTree+PseudoHuber,,fuelType,7,18618.324085359927,17304.168703201547,9169.719567634915,200
DecisionTree+PseudoHuber,,fuelType,7,18858.505889308173,17304.168703201547,9169.719567634915,200
DecisionTree+PseudoHuber,,fuelType,7,19098.68769325642,17304.168703201547,9169.719567634915,200
DecisionTree+PseudoHuber,,fuelType,7,19338.869497204665,17013.01314519315,9060.062070565595,200
DecisionTree+PseudoHuber,,mpg,3,-1.8711137557899489,19048.28092360625,9330.723161641075,200
DecisionTree+PseudoHuber,,mpg,3,-1.7010545080567665,19114.138498207696,9426.6413072917,200
DecisionTree+PseudoHuber,,mpg,3,-1.530995260323584,19022.868905356107,9296.980983344589,200
DecisionTree+PseudoHuber,,mpg,3,-1.3609360125904015,18146.765300636984,8437.989119657926,200
DecisionTree+PseudoHuber,,mpg,3,-1.1908767648572192,18074.875998255207,8459.54886934914,200
DecisionTree+PseudoHuber,,mpg,3,-1.0208175171240366,17210.76074433964,8334.951038795743,200
DecisionTree+PseudoHuber,,mpg,3,-0.8507582693908542,17322.54991741563,8616.65708905228,200
DecisionTree+PseudoHuber,,mpg,3,-0.6806990216576716,17034.913411297268,8474.758253175622,200
DecisionTree+PseudoHuber,,mpg,3,-0.5106397739244892,16788.512331989572,8146.7658201438035,200
DecisionTree+PseudoHuber,,mpg,3,-0.34058052619130685,16368.41689750405,7687.241181632317,200
DecisionTree+PseudoHuber,,mpg,3,-0.17052127845812426,16261.671220620212,7412.892593528038,200
DecisionTree+PseudoHuber,,mpg,3,-0.00046203072494188646,16273.205932075498,7619.507293378407,200
DecisionTree+PseudoHuber,,mpg,3,0.1695972170082405,16335.323650925668,7728.903552463249,200
DecisionTree+PseudoHuber,,mpg,3,0.3396564647414231,16499.722784528338,7876.035847892044,200
DecisionTree+PseudoHuber,,mpg,3,0.5097157124746057,16400.547169179103,7629.371483314863,200
DecisionTree+PseudoHuber,,mpg,3,0.6797749602077878,16256.498690483202,7605.484388244495,200
DecisionTree+PseudoHuber,,mpg,3,0.8498342079409704,16120.230866265925,7630.799058249011,200
DecisionTree+PseudoHuber,,mpg,3,1.019893455674153,15874.719472656849,7624.548139152468,200
DecisionTree+PseudoHuber,,mpg,3,1.1899527034073352,15946.071978168477,7916.044994294699,200
DecisionTree+PseudoHuber,,mpg,3,1.3600119511405178,15760.897597952131,7662.599458044157,200
DecisionTree+PseudoHuber,,mileage,1,-1.705696760776219,19075.813498666073,9779.135601840044,200
DecisionTree+PseudoHuber,,mileage,1,-1.536557573033899,18643.60370878263,9747.428452865961,200
DecisionTree+PseudoHuber,,mileage,1,-1.3674183852915789,18259.34943770412,8875.743573065469,200
DecisionTree+PseudoHuber,,mileage,1,-1.1982791975492586,18371.009015404346,9024.74464813504,200
DecisionTree+PseudoHuber,,mileage,1,-1.0291400098069385,18162.409546899544,8739.643686666383,200
DecisionTree+PseudoHuber,,mileage,1,-0.8600008220646185,18024.93010607568,8626.330682033038,200
DecisionTree+PseudoHuber,,mileage,1,-0.6908616343222982,17778.517885602123,8449.209221867393,200
DecisionTree+PseudoHuber,,mileage,1,-0.5217224465799781,17628.41305305805,8234.820332535022,200
DecisionTree+PseudoHuber,,mileage,1,-0.35258325883765806,17338.260235934904,8188.707028283096,200
DecisionTree+PseudoHuber,,mileage,1,-0.183444071095338,17147.32288323022,8074.065289327526,200
DecisionTree+PseudoHuber,,mileage,1,-0.014304883353017939,16904.0999317329,8083.361375346166,200
DecisionTree+PseudoHuber,,mileage,1,0.15483430438930235,16787.8626082278,7961.653105847311,200
DecisionTree+PseudoHuber,,mileage,1,0.32397349213162263,16504.457288743077,7935.6124887689375,200
DecisionTree+PseudoHuber,,mileage,1,0.49311267987394247,16228.920566175784,8031.917539930674,200
DecisionTree+PseudoHuber,,mileage,1,0.6622518676162628,16029.763524995953,8090.052229277008,200
DecisionTree+PseudoHuber,,mileage,1,0.8313910553585826,15644.612096672085,7767.678522088897,200
DecisionTree+PseudoHuber,,mileage,1,1.0005302431009029,15470.508474602631,7842.3137242973835,200
DecisionTree+PseudoHuber,,mileage,1,1.1696694308432232,15378.016037703492,7873.213033280341,200
DecisionTree+PseudoHuber,,mileage,1,1.338808618585543,15265.014034373895,7882.174434502662,200
DecisionTree+PseudoHuber,,mileage,1,1.5079478063278635,15172.288651648885,7910.771821258472,200
DecisionTree+PseudoHuber,,engineSize,4,-1.3605748787242282,16041.331431334662,8589.727503650822,200
DecisionTree+PseudoHuber,,engineSize,4,-1.1801035877182056,16054.898002960737,8589.59890048363,200
DecisionTree+PseudoHuber,,engineSize,4,-0.9996322967121827,16034.018033052715,8642.273442447513,200
DecisionTree+PseudoHuber,,engineSize,4,-0.8191610057061599,16016.981574918744,8641.677163035394,200
DecisionTree+PseudoHuber,,engineSize,4,-0.6386897147001371,16245.745080983324,8774.300641147773,200
DecisionTree+PseudoHuber,,engineSize,4,-0.45821842369411436,16441.14824817664,8743.67754321903,200
DecisionTree+PseudoHuber,,engineSize,4,-0.2777471326880916,16494.181091970917,8715.323713037194,200
DecisionTree+PseudoHuber,,engineSize,4,-0.09727584168206871,16485.41840422388,8718.923134234909,200
DecisionTree+PseudoHuber,,engineSize,4,0.08319544932395395,16553.64219472903,8698.273421800259,200
DecisionTree+PseudoHuber,,engineSize,4,0.2636667403299766,16957.940274326666,8599.855237329682,200
DecisionTree+PseudoHuber,,engineSize,4,0.4441380313359995,18127.95016494556,8956.424188340829,200
DecisionTree+PseudoHuber,,engineSize,4,0.6246093223420224,18598.053756736088,9120.856673671784,200
DecisionTree+PseudoHuber,,engineSize,4,0.805080613348045,18626.90367633973,9164.249877899441,200
DecisionTree+PseudoHuber,,engineSize,4,0.9855519043540677,18980.58531136097,9373.206708063606,200
DecisionTree+PseudoHuber,,engineSize,4,1.1660231953600908,18980.58531136097,9373.206708063606,200
DecisionTree+PseudoHuber,,engineSize,4,1.3464944863661135,19057.170801557048,9345.410384239087,200
DecisionTree+PseudoHuber,,engineSize,4,1.5269657773721361,19714.216092756105,10373.534715099797,200
DecisionTree+PseudoHuber,,engineSize,4,1.7074370683781588,21063.331102110285,11594.052433777073,200
DecisionTree+PseudoHuber,,engineSize,4,1.8879083593841814,20916.735494592805,11297.616090576212,200
DecisionTree+PseudoHuber,,engineSize,4,2.0683796503902045,20763.892610664232,10994.088447631952,200
DecisionTree+PseudoHuber,,tax,2,-1.9942462272496047,17166.411142883542,9849.795678502394,200
DecisionTree+PseudoHuber,,tax,2,-1.8566180427647574,17166.411142883542,9849.795678502394,200
DecisionTree+PseudoHuber,,tax,2,-1.7189898582799104,17182.317822589866,9840.142395956234,200
DecisionTree+PseudoHuber,,tax,2,-1.581361673795063,17182.317822589866,9840.142395956234,200
DecisionTree+PseudoHuber,,tax,2,-1.4437334893102158,17266.177088235276,9853.963050697777,200
DecisionTree+PseudoHuber,,tax,2,-1.3061053048253686,17266.177088235276,9853.963050697777,200
DecisionTree+PseudoHuber,,tax,2,-1.1684771203405213,17266.177088235276,9853.963050697777,200
DecisionTree+PseudoHuber,,tax,2,-1.0308489358556743,17266.177088235276,9853.963050697777,200
DecisionTree+PseudoHuber,,tax,2,-0.893220751370827,17266.177088235276,9853.963050697777,200
DecisionTree+PseudoHuber,,tax,2,-0.7555925668859798,17267.356088235276,9852.69978945375,200
DecisionTree+PseudoHuber,,tax,2,-0.6179643824011325,17296.87501704013,9850.593591229837,200
DecisionTree+PseudoHuber,,tax,2,-0.48033619791628546,17298.92705077029,9848.592544698504,200
DecisionTree+PseudoHuber,,tax,2,-0.3427080134314382,17298.92705077029,9848.592544698504,200
DecisionTree+PseudoHuber,,tax,2,-0.20507982894659094,17298.92705077029,9848.592544698504,200
DecisionTree+PseudoHuber,,tax,2,-0.0674516444617439,17298.92705077029,9848.592544698504,200
DecisionTree+PseudoHuber,,tax,2,0.07017654002310336,17298.92705077029,9848.592544698504,200
DecisionTree+PseudoHuber,,tax,2,0.20780472450795062,17437.234332797947,9859.476737532728,200
DecisionTree+PseudoHuber,,tax,2,0.3454329089927979,17400.74998703049,9805.481161866399,200
DecisionTree+PseudoHuber,,tax,2,0.48306109347764514,17137.88719077781,9306.045203535976,200
DecisionTree+PseudoHuber,,tax,2,0.6206892779624925,17211.374401856443,9318.780621906535,200
DecisionTree+PseudoHuber,,year,0,-1.4752298611979668,11996.415333519397,6967.720344487651,200
DecisionTree+PseudoHuber,,year,0,-1.3490474605957057,11996.415333519397,6967.720344487651,200
DecisionTree+PseudoHuber,,year,0,-1.2228650599934443,13504.297958982286,6800.733400565883,200
DecisionTree+PseudoHuber,,year,0,-1.096682659391183,13504.297958982286,6800.733400565883,200
DecisionTree+PseudoHuber,,year,0,-0.9705002587889218,13504.297958982286,6800.733400565883,200
DecisionTree+PseudoHuber,,year,0,-0.8443178581866605,13504.297958982286,6800.733400565883,200
DecisionTree+PseudoHuber,,year,0,-0.7181354575843992,15663.475621697582,8416.546695939438,200
DecisionTree+PseudoHuber,,year,0,-0.591953056982138,15663.475621697582,8416.546695939438,200
DecisionTree+PseudoHuber,,year,0,-0.4657706563798767,15663.475621697582,8416.546695939438,200
DecisionTree+PseudoHuber,,year,0,-0.33958825577761553,15663.475621697582,8416.546695939438,200
DecisionTree+PseudoHuber,,year,0,-0.21340585517535415,16430.823625959034,8308.516800563504,200
DecisionTree+PseudoHuber,,year,0,-0.08722345457309277,16430.823625959034,8308.516800563504,200
DecisionTree+PseudoHuber,,year,0,0.038958946029168384,16430.823625959034,8308.516800563504,200
DecisionTree+PseudoHuber,,year,0,0.16514134663142954,16430.823625959034,8308.516800563504,200
DecisionTree+PseudoHuber,,year,0,0.2913237472336909,17780.229939145935,8633.991502776444,200
DecisionTree+PseudoHuber,,year,0,0.4175061478359523,17780.229939145935,8633.991502776444,200
DecisionTree+PseudoHuber,,year,0,0.5436885484382135,17780.229939145935,8633.991502776444,200
DecisionTree+PseudoHuber,,year,0,0.6698709490404746,17780.229939145935,8633.991502776444,200
DecisionTree+PseudoHuber,,year,0,0.7960533496427358,19619.92718534853,8741.054688221748,200
DecisionTree+PseudoHuber,,year,0,0.9222357502449973,19619.92718534853,8741.054688221748,200
